[
  {
    "id": "c2b898e3-7d82-4723-acd4-333e5b26ed0c",
    "data": [
      {
        "text": "Right",
        "userDefined": false
      }
    ],
    "isTemplate": false,
    "count": 0
  },
  {
    "id": "d00fd602-356a-4ecc-97e5-6f6a22a66aa1",
    "data": [
      {
        "text": "Yep",
        "userDefined": false
      }
    ],
    "isTemplate": false,
    "count": 0
  },
  {
    "id": "a2c44c5c-34f1-4bca-b411-a26aff5ee317",
    "data": [
      {
        "text": "Yes",
        "userDefined": false
      }
    ],
    "isTemplate": false,
    "count": 0
  },
  {
    "id": "3a0782da-d691-488f-81cc-4098bd01cfdb",
    "data": [
      {
        "text": "Yes, right!",
        "userDefined": false
      }
    ],
    "isTemplate": false,
    "count": 0
  },
  {
    "id": "e4b2e7d2-29a2-4158-8f8b-e742ed66fbe9",
    "data": [
      {
        "text": "Ok, I ",
        "userDefined": false
      },
      {
        "text": "want",
        "alias": "Words",
        "meta": "@Words",
        "userDefined": false
      },
      {
        "text": " it.",
        "userDefined": false
      }
    ],
    "isTemplate": false,
    "count": 0
  },
  {
    "id": "3cfc287d-c901-4856-9f06-b0c2292f3f6d",
    "data": [
      {
        "text": "Ok, I ",
        "userDefined": false
      },
      {
        "text": "want",
        "alias": "Words",
        "meta": "@Words",
        "userDefined": false
      },
      {
        "text": " that.",
        "userDefined": false
      }
    ],
    "isTemplate": false,
    "count": 0
  },
  {
    "id": "bf3b0439-4b64-42fb-b852-9e390a41f411",
    "data": [
      {
        "text": "Ok, I will choose it.",
        "userDefined": false
      }
    ],
    "isTemplate": false,
    "count": 0
  },
  {
    "id": "06da3862-6007-4153-b35d-693c382008ab",
    "data": [
      {
        "text": "OK, I will choose that game!",
        "userDefined": false
      }
    ],
    "isTemplate": false,
    "count": 0
  },
  {
    "id": "fce6ef33-6824-4a3c-8078-b35d470e0c62",
    "data": [
      {
        "text": "Ok, I want to buy three ",
        "userDefined": false
      },
      {
        "text": "tickets",
        "alias": "Words",
        "meta": "@Words",
        "userDefined": false
      },
      {
        "text": " for that game.",
        "userDefined": false
      }
    ],
    "isTemplate": false,
    "count": 0
  },
  {
    "id": "186cf468-6597-4631-b912-d4a2f3bcdb3b",
    "data": [
      {
        "text": "Ok, give me ",
        "userDefined": false
      },
      {
        "text": "three",
        "alias": "number",
        "meta": "@sys.number",
        "userDefined": true
      },
      {
        "text": " ",
        "userDefined": false
      },
      {
        "text": "tickets",
        "alias": "Words",
        "meta": "@Words",
        "userDefined": true
      },
      {
        "text": " for that game.",
        "userDefined": false
      }
    ],
    "isTemplate": false,
    "count": 0
  },
  {
    "id": "dc9af460-6527-4f47-b761-c2c9f1929246",
    "data": [
      {
        "text": "Ok, I want ",
        "userDefined": false
      },
      {
        "text": "three",
        "alias": "number",
        "meta": "@sys.number",
        "userDefined": true
      },
      {
        "text": " ",
        "userDefined": false
      },
      {
        "text": "tickets",
        "alias": "Words",
        "meta": "@Words",
        "userDefined": false
      },
      {
        "text": " for that game.",
        "userDefined": false
      }
    ],
    "isTemplate": false,
    "count": 0
  },
  {
    "id": "30a05115-ea5f-4017-bf5c-ddf45be93fae",
    "data": [
      {
        "text": "Ok, I want ",
        "userDefined": false
      },
      {
        "text": "three",
        "alias": "number",
        "meta": "@sys.number",
        "userDefined": false
      },
      {
        "text": " ",
        "userDefined": false
      },
      {
        "text": "tickets",
        "alias": "Words",
        "meta": "@Words",
        "userDefined": false
      },
      {
        "text": ".",
        "userDefined": false
      }
    ],
    "isTemplate": false,
    "count": 0
  }
]