[
  {
    "id": "16f77c4b-8c35-4c8a-8395-7d935efdd9fb",
    "data": [
      {
        "text": "Thursday",
        "meta": "@sys.ignore",
        "userDefined": false
      }
    ],
    "isTemplate": false,
    "count": 1
  },
  {
    "id": "f9c51cf6-4ace-4d01-9346-19b8c493ca5a",
    "data": [
      {
        "text": "I prefer Thursday!",
        "userDefined": false
      }
    ],
    "isTemplate": false,
    "count": 0
  },
  {
    "id": "41c88891-54fe-4026-b985-0901ea746e42",
    "data": [
      {
        "text": "I ",
        "userDefined": false
      },
      {
        "text": "want",
        "alias": "Words",
        "meta": "@Words",
        "userDefined": false
      },
      {
        "text": " Thursday!",
        "userDefined": false
      }
    ],
    "isTemplate": false,
    "count": 0
  },
  {
    "id": "0581b735-12a5-43bb-930d-8728815bebe0",
    "data": [
      {
        "text": "Thursday",
        "meta": "@sys.ignore",
        "userDefined": false
      },
      {
        "text": "!",
        "userDefined": false
      }
    ],
    "isTemplate": false,
    "count": 0
  },
  {
    "id": "bfaf6c5d-98c3-4528-9a43-cb9050564bd0",
    "data": [
      {
        "text": "I\u0027d ",
        "userDefined": false
      },
      {
        "text": "like",
        "meta": "@sys.ignore",
        "userDefined": false
      },
      {
        "text": " to choose ",
        "userDefined": false
      },
      {
        "text": "Tuesday",
        "alias": "Day",
        "meta": "@Day",
        "userDefined": false
      },
      {
        "text": "!",
        "userDefined": false
      }
    ],
    "isTemplate": false,
    "count": 0
  },
  {
    "id": "7a6baee5-f9ca-4960-b9bf-0c097aafaa47",
    "data": [
      {
        "text": "Tuesday",
        "alias": "Day",
        "meta": "@Day",
        "userDefined": false
      },
      {
        "text": "!",
        "userDefined": false
      }
    ],
    "isTemplate": false,
    "count": 1
  },
  {
    "id": "6472785c-4949-4f27-9038-2bc5cac972cf",
    "data": [
      {
        "text": "I ",
        "userDefined": false
      },
      {
        "text": "like",
        "alias": "Words",
        "meta": "@Words",
        "userDefined": true
      },
      {
        "text": " ",
        "userDefined": false
      },
      {
        "text": "Tuesday",
        "alias": "Day",
        "meta": "@Day",
        "userDefined": false
      },
      {
        "text": "!",
        "userDefined": false
      }
    ],
    "isTemplate": false,
    "count": 0
  },
  {
    "id": "fe8c3386-baeb-4e5a-9e0c-b4d07b043fd2",
    "data": [
      {
        "text": "I prefer ",
        "userDefined": false
      },
      {
        "text": "Tuesday",
        "alias": "Day",
        "meta": "@Day",
        "userDefined": true
      },
      {
        "text": "!",
        "userDefined": false
      }
    ],
    "isTemplate": false,
    "count": 0
  }
]