[
  {
    "id": "ab9381db-6605-4ddc-80f6-76d9677fc5f9",
    "data": [
      {
        "text": "Between ",
        "userDefined": false
      },
      {
        "text": "Arizona",
        "alias": "Team",
        "meta": "@Team",
        "userDefined": false
      },
      {
        "text": " And LA!",
        "userDefined": false
      }
    ],
    "isTemplate": false,
    "count": 0
  },
  {
    "id": "2cb44795-c749-4261-9cd5-8e3a03902f20",
    "data": [
      {
        "text": "Arizona",
        "alias": "Team",
        "meta": "@Team",
        "userDefined": false
      },
      {
        "text": " and LA!",
        "userDefined": false
      }
    ],
    "isTemplate": false,
    "count": 0
  },
  {
    "id": "7c2ac74e-a02e-472a-81dc-31523d367373",
    "data": [
      {
        "text": "A match for ",
        "userDefined": false
      },
      {
        "text": "Arizona",
        "alias": "Team",
        "meta": "@Team",
        "userDefined": false
      },
      {
        "text": " and LA.",
        "userDefined": false
      }
    ],
    "isTemplate": false,
    "count": 0
  },
  {
    "id": "540bc4c8-34aa-449d-8dba-f2fdcd4a01a7",
    "data": [
      {
        "text": "A game for ",
        "userDefined": false
      },
      {
        "text": "Arizona",
        "alias": "Team",
        "meta": "@Team",
        "userDefined": false
      },
      {
        "text": " and LA.",
        "userDefined": false
      }
    ],
    "isTemplate": false,
    "count": 0
  },
  {
    "id": "b085b1b2-d102-4082-9adf-437142beb1e7",
    "data": [
      {
        "text": "For a game between ",
        "userDefined": false
      },
      {
        "text": "Arizona",
        "alias": "Team",
        "meta": "@Team",
        "userDefined": true
      },
      {
        "text": " and ",
        "userDefined": false
      },
      {
        "text": "LA",
        "meta": "@sys.ignore",
        "userDefined": true
      },
      {
        "text": ".",
        "userDefined": false
      }
    ],
    "isTemplate": false,
    "count": 0
  }
]