[
  {
    "value": "D1",
    "synonyms": [
      "D1"
    ]
  },
  {
    "value": "D2",
    "synonyms": [
      "D2"
    ]
  },
  {
    "value": "D3",
    "synonyms": [
      "D3"
    ]
  },
  {
    "value": "E1",
    "synonyms": [
      "E1"
    ]
  },
  {
    "value": "E2",
    "synonyms": [
      "E2"
    ]
  },
  {
    "value": "E3",
    "synonyms": [
      "E3"
    ]
  },
  {
    "value": "F1",
    "synonyms": [
      "F1"
    ]
  },
  {
    "value": "F2",
    "synonyms": [
      "F2"
    ]
  },
  {
    "value": "F3",
    "synonyms": [
      "F3"
    ]
  },
  {
    "value": "G1",
    "synonyms": [
      "G1"
    ]
  },
  {
    "value": "G2",
    "synonyms": [
      "G2"
    ]
  },
  {
    "value": "G3",
    "synonyms": [
      "G3"
    ]
  },
  {
    "value": "H1",
    "synonyms": [
      "H1"
    ]
  },
  {
    "value": "H2",
    "synonyms": [
      "H2"
    ]
  },
  {
    "value": "H3",
    "synonyms": [
      "H3"
    ]
  }
]